Player,FideId
Bu Xiangzhi,8601445
Peter Svidler,4102142
Maxime Vachier-Lagrave,623539
Alexander Grischuk,4126025
Vassily Ivanchuk,14100010
Anish Giri,24116068
Levon Aronian,13300474
Daniil Dubov,24126055
Wesley So,5202213
Ian Nepomniachtchi,4168119
Vladimir Fedoseev,24130737
Maxim Rodshtein,2806851
Fabiano Caruana,2020009
Li Chao,8604436
Wang Hao,8602883
Ding Liren,8603677
